File Name,Latency,CPU time (sec.),Max Memory (MB),Average Memory (MB),Total Requested Memory (MB),Delta Memory (MB),Max Swap (MB),Max Processes,Max Threads,Run time (sec.),Turnaround time (sec.),Protocols Seen,Number of Hosts,Hosts Used,Host Groups,Exclusive,0,1,2,4,8,16,32,64,128,256,512,1024,2048,4096,8192,16384,32768,65536,131072,262144,524288,1048576,2097152,4194304,8388608,16777216
481992.out,0.21,55.06,13.45,13.45,-,-,563,7,9,32,320,SHM,1,2*cn476.scarf.rl.ac.uk,scarf15,1,0.00,4.31,8.61,17.30,34.61,69.64,138.75,274.97,331.71,651.81,1136.83,1675.26,1724.63,2334.24,2597.23,2924.41,3744.33,4453.80,4748.43,5386.94,5624.93,5783.84,5832.56,5832.80,5852.06,3975.74
481993.out,0.20,57.47,13.46,13.46,-,-,563,7,9,39,393,SHM,1,2*cn476.scarf.rl.ac.uk,scarf15,1,0.00,4.49,8.97,17.92,35.81,71.31,143.58,282.56,342.93,657.04,1138.09,1736.33,1826.33,2296.45,2774.83,2744.85,3914.82,5021.29,5224.65,5368.72,5609.85,5761.66,5803.60,5827.42,5818.94,3955.71
481994.out,0.22,55.00,13.46,13.46,-,-,563,7,9,38,448,SHM,1,2*cn476.scarf.rl.ac.uk,scarf15,1,0.00,4.11,8.22,16.44,32.67,65.37,130.95,250.12,322.93,613.36,1065.00,1632.85,1690.99,2190.23,2699.07,2855.47,3544.88,4776.63,5198.82,5370.00,5601.43,5775.85,5833.56,5865.38,5866.85,3977.55
481995.out,0.21,58.48,13.41,13.41,-,-,562,7,9,40,505,SHM,1,2*cn476.scarf.rl.ac.uk,scarf15,1,0.00,4.30,8.61,17.18,34.76,69.49,138.68,273.65,332.58,640.80,1131.49,1686.64,1742.24,2295.16,2737.85,2756.22,3878.62,4980.65,5278.16,5435.67,5626.76,5779.01,5846.61,5860.37,5846.38,3972.37
481996.out,0.20,58.33,13.46,13.46,-,-,563,7,9,42,563,SHM,1,2*cn476.scarf.rl.ac.uk,scarf15,1,0.00,4.58,9.06,18.35,36.68,74.07,147.47,281.32,361.07,681.76,1189.31,1777.01,1777.20,2013.02,2469.98,2863.02,3933.03,4941.08,5268.46,5383.11,5612.46,5758.69,5809.42,5843.83,5839.75,3976.84
482007.out,0.29,55.00,13.45,13.45,-,-,563,7,9,37,864,SHM,1,2*cn203.scarf.rl.ac.uk,scarf16,1,0.00,3.14,6.34,12.71,25.35,50.43,103.43,206.95,244.86,472.22,813.02,1343.39,1341.52,1879.76,2339.82,2494.00,3501.60,4511.21,5011.43,5393.40,5614.76,5752.42,5819.06,5839.17,5882.05,3968.20
482008.out,0.28,57.00,13.45,13.45,-,-,563,7,9,42,908,SHM,1,2*cn203.scarf.rl.ac.uk,scarf16,1,0.00,3.26,6.50,13.15,26.08,52.33,103.27,215.31,256.19,491.24,858.88,1377.27,1452.74,1959.57,2363.53,2609.85,3379.32,4697.12,5265.60,5410.97,5611.95,5766.27,5827.63,5858.95,5853.52,3806.90
482009.out,0.20,59.00,13.43,13.43,-,-,562,7,9,33,1266,SHM,1,2*cn217.scarf.rl.ac.uk,scarf16,1,0.00,4.43,8.87,17.71,35.50,69.83,142.22,278.56,339.07,672.58,1163.97,1704.18,1761.91,2283.64,2752.34,2579.24,3773.70,5063.97,5284.07,5409.55,5615.55,5778.94,5843.01,5882.29,5846.34,3972.58
481982.out,9.07,1293.00,93.65,72.61,-,-,712,11,13,656,1447,SHM-TCP,2,1*cn486.scarf.rl.ac.uk-1*cn512.scarf.rl.ac.uk,scarf15-scarf15,1,0.00,0.11,0.21,0.43,0.82,1.64,3.27,6.46,12.71,24.68,46.83,86.42,127.93,200.38,328.30,458.76,475.10,641.30,816.64,573.38,649.55,708.67,847.44,517.26,250.51,138.09
481962.out,0.15,98.52,13.45,13.45,-,-,563,7,9,54,1566,SHM,1,2*cn393.scarf.rl.ac.uk,scarf13,1,0.00,5.71,11.74,23.48,46.51,91.89,183.38,264.74,408.13,764.18,1305.29,1796.89,1931.85,2655.64,3158.51,3278.77,3635.18,3320.21,3612.19,3744.76,3831.84,3886.94,3911.48,3921.28,2430.29,2404.40
481983.out,10.67,1298.78,93.68,74.47,-,-,712,11,13,655,1558,SHM-TCP,2,1*cn489.scarf.rl.ac.uk-1*cn534.scarf.rl.ac.uk,scarf15-scarf15,1,0.00,0.09,0.18,0.36,0.70,1.41,2.80,5.55,10.87,20.92,39.58,71.63,109.20,177.90,288.16,428.01,429.20,605.19,788.48,707.82,732.31,852.66,748.51,494.38,265.29,133.87
481963.out,0.15,98.13,13.46,13.46,-,-,563,7,9,54,1622,SHM,1,2*cn393.scarf.rl.ac.uk,scarf13,1,0.00,5.71,11.56,23.41,46.24,92.22,173.91,243.23,416.60,768.77,1328.58,1847.96,1942.38,2631.33,3182.90,3255.88,2880.70,3325.54,3622.83,3747.54,3833.71,3888.14,3917.51,3927.06,2432.08,2434.05
481917.out,0.12,76.00,13.45,13.45,-,-,563,7,9,47,1650,SHM,1,2*cn057.scarf.rl.ac.uk,scarf10,1,0.00,7.14,14.12,28.37,56.29,109.78,224.36,315.47,527.29,1083.02,1839.25,2237.03,2390.78,3247.25,3862.78,4133.59,5471.94,4162.24,4656.36,4706.63,4909.64,4993.36,5013.93,4109.62,3284.16,3223.13
481964.out,0.15,98.41,13.46,13.46,-,-,563,7,9,55,1678,SHM,1,2*cn393.scarf.rl.ac.uk,scarf13,1,0.00,5.51,11.12,22.78,45.68,89.26,179.02,246.63,399.53,751.28,1284.82,1842.56,1909.11,2620.81,3130.75,2779.78,2816.33,3313.73,3626.45,3750.46,3830.52,3885.00,3916.25,3924.20,2427.35,2425.24
481918.out,0.13,74.02,13.45,13.45,-,-,563,7,9,41,1707,SHM,1,2*cn057.scarf.rl.ac.uk,scarf10,1,0.00,7.01,14.13,28.57,58.02,111.01,222.80,331.61,544.97,1084.75,1713.09,2102.13,2269.88,3101.56,3777.73,4043.19,5288.57,4183.09,4731.91,4809.03,4861.50,5043.16,5140.23,4247.81,3285.32,3209.92
481965.out,0.15,98.56,13.46,13.46,-,-,563,7,9,60,1755,SHM,1,2*cn393.scarf.rl.ac.uk,scarf13,1,0.00,5.56,11.22,22.71,45.55,88.70,176.92,285.24,398.91,754.61,1301.97,1787.09,1898.93,2643.86,3191.43,3276.39,3183.75,3343.42,3654.21,3782.41,3861.71,3911.56,3929.18,3946.11,2418.97,2417.07
481919.out,0.12,74.39,13.45,13.45,-,-,563,7,9,39,1762,SHM,1,2*cn057.scarf.rl.ac.uk,scarf10,1,0.00,5.51,14.02,28.05,56.29,112.18,222.80,327.37,552.32,1085.32,1746.70,2086.60,2273.66,3188.79,3766.00,4033.36,5395.80,4106.01,4562.04,4648.27,4827.49,5000.68,5043.77,4103.50,3273.30,3206.79
481920.out,0.13,78.27,13.46,13.46,-,-,563,7,9,44,1823,SHM,1,2*cn057.scarf.rl.ac.uk,scarf10,1,0.00,6.94,14.04,27.44,55.90,112.68,221.07,313.92,548.47,1070.57,1842.56,2234.59,2352.00,3206.89,3909.10,4174.53,5555.55,6937.50,7280.16,6779.29,5002.22,5082.05,5062.68,4138.44,3154.45,2912.98
481966.out,0.16,98.39,13.46,13.46,-,-,563,7,9,60,1832,SHM,1,2*cn393.scarf.rl.ac.uk,scarf13,1,0.00,5.39,10.72,21.55,43.48,86.43,170.89,248.54,382.66,735.37,1243.85,1727.18,1885.17,2604.15,3140.80,2046.11,2777.16,3305.83,3599.98,3750.18,3828.16,3882.63,3909.52,3918.44,2425.68,2428.68
482010.out,0.24,55.20,13.46,13.46,-,-,563,7,9,30,1837,SHM,1,2*cn209.scarf.rl.ac.uk,scarf16,1,0.00,3.68,7.36,14.81,29.24,58.47,117.38,227.76,284.52,545.55,952.56,1526.08,1522.25,2017.11,2388.08,2795.90,3891.86,4919.29,5244.82,5416.59,5625.72,5792.08,5820.80,5857.95,5826.55,3950.70
481921.out,0.13,74.00,13.45,13.45,-,-,563,7,9,51,1876,SHM,1,2*cn057.scarf.rl.ac.uk,scarf10,1,0.00,7.17,13.91,27.66,56.54,110.54,222.61,331.82,551.13,1072.81,1855.91,2086.60,2228.51,3194.07,3840.15,4109.10,5542.27,4135.38,4523.41,4679.11,4936.61,5073.35,5136.28,4168.59,3293.83,3237.33
481987.out,1.40,50.70,13.53,13.53,-,-,563,7,9,32,1862,SHM-IBV,2,1*cn503.scarf.rl.ac.uk-1*cn499.scarf.rl.ac.uk,scarf15-scarf15,1,0.00,0.66,1.33,2.59,5.25,10.18,19.79,38.23,67.97,87.05,158.12,279.93,495.03,710.68,1085.14,1561.11,2689.79,3845.08,4699.33,5297.67,5657.10,5839.28,5960.15,5990.48,5597.29,5517.61
481988.out,1.52,48.80,13.53,13.53,-,-,563,7,9,27,1865,SHM-IBV,2,1*cn529.scarf.rl.ac.uk-1*cn518.scarf.rl.ac.uk,scarf15-scarf15,1,0.00,0.60,1.23,2.42,4.84,9.54,18.27,35.55,65.31,85.32,154.55,279.57,501.71,724.39,1077.74,1560.72,2695.71,3845.33,4713.51,5303.07,5667.81,5837.17,5960.03,5976.57,5601.36,5515.10
482011.out,0.26,55.41,13.46,13.46,-,-,563,7,9,38,1892,SHM,1,2*cn209.scarf.rl.ac.uk,scarf16,1,0.00,3.52,7.04,14.02,28.05,55.99,112.63,215.67,270.40,515.61,909.21,1470.74,1497.35,2003.67,2326.94,2711.74,3886.09,4976.68,5242.30,5402.84,5614.83,5772.60,5814.54,5850.99,5827.47,3928.02
481989.out,1.49,46.75,13.57,13.57,-,-,563,7,9,36,1907,SHM-IBV,2,1*cn518.scarf.rl.ac.uk-1*cn529.scarf.rl.ac.uk,scarf15-scarf15,1,0.00,0.62,1.26,2.50,5.01,9.93,18.93,37.36,67.67,88.07,159.41,278.06,323.32,721.98,1081.99,1561.87,2689.43,3840.74,4710.75,5295.60,5653.01,5836.52,5957.47,5985.53,5557.38,5513.73
481997.out,16.60,1253.82,93.47,71.60,-,-,712,11,13,629,1920,SHM-TCP,2,1*cn203.scarf.rl.ac.uk-1*cn217.scarf.rl.ac.uk,scarf16-scarf16,1,0.00,0.06,0.11,0.22,0.44,0.87,1.74,3.47,6.91,13.57,26.22,50.18,79.16,136.01,221.30,346.68,324.46,521.21,701.90,840.83,918.84,940.68,742.20,492.59,264.68,139.44
481977.out,0.13,99.31,13.46,13.46,-,-,563,7,9,63,1970,SHM,1,2*cn267.scarf.rl.ac.uk,scarf14,1,0.00,6.60,13.38,26.29,53.38,105.61,208.30,333.55,476.94,894.32,1495.44,2136.67,2243.46,2996.89,3758.88,4184.53,5865.18,3418.85,3703.76,3833.85,3897.24,3940.75,3969.18,3971.89,2326.20,2329.32
481978.out,0.14,100.25,13.44,13.44,-,-,563,7,9,58,2030,SHM,1,2*cn267.scarf.rl.ac.uk,scarf14,1,0.00,6.17,12.55,24.92,49.57,98.46,191.90,323.85,443.10,846.28,1440.23,2036.29,2225.78,3011.76,3744.27,4153.50,5821.54,7366.80,7859.39,8688.82,8818.27,3933.56,3961.75,3961.61,2246.53,2289.82
481979.out,0.14,102.51,13.45,13.43,-,-,563,7,9,56,2091,SHM,1,2*cn267.scarf.rl.ac.uk,scarf14,1,0.00,6.25,12.72,24.86,50.67,101.11,198.76,317.03,452.10,857.98,1481.91,2047.49,2228.21,2899.82,3759.74,4158.90,5824.78,3608.76,3678.53,3821.32,3890.05,3936.85,3964.39,3965.03,2318.54,2325.88
481984.out,9.49,1272.84,93.66,71.93,-,-,712,11,13,641,2128,SHM-TCP,2,1*cn512.scarf.rl.ac.uk-1*cn486.scarf.rl.ac.uk,scarf15-scarf15,1,0.00,0.11,0.21,0.43,0.82,1.65,3.28,6.52,12.75,24.49,46.56,84.34,125.43,195.45,333.21,453.77,470.89,643.46,813.37,575.34,646.99,674.04,846.10,531.49,276.13,137.05
481980.out,0.14,99.47,13.47,13.47,-,-,563,7,9,54,2146,SHM,1,2*cn267.scarf.rl.ac.uk,scarf14,1,0.00,6.19,12.63,25.00,49.69,100.08,198.14,318.61,450.51,852.27,1457.65,2025.72,2215.55,3007.07,3732.76,4146.80,5733.43,7510.21,8008.74,4172.09,3893.40,3939.91,3966.64,3967.38,2308.91,2317.61
481981.out,0.13,100.50,13.47,10.73,-,-,563,7,9,74,2238,SHM,1,2*cn267.scarf.rl.ac.uk,scarf14,1,0.00,6.96,13.93,27.35,55.46,108.20,219.55,348.77,481.43,902.60,1562.76,2075.50,2267.37,3030.43,3769.69,4159.43,5850.38,7456.49,8051.79,8684.94,8867.75,3931.07,3962.25,3960.89,2244.96,2273.12
481985.out,10.49,1324.64,93.43,71.00,-,-,712,11,13,665,2243,SHM-TCP,2,1*cn534.scarf.rl.ac.uk-1*cn489.scarf.rl.ac.uk,scarf15-scarf15,1,0.00,0.09,0.19,0.38,0.74,1.48,2.95,5.85,11.47,22.28,41.36,75.45,114.67,185.40,303.99,431.66,448.22,618.78,798.24,573.55,787.43,715.09,797.09,487.12,260.24,132.40
481990.out,1.91,50.97,13.53,13.53,-,-,563,7,9,29,2300,SHM-IBV,2,1*cn489.scarf.rl.ac.uk-1*cn534.scarf.rl.ac.uk,scarf15-scarf15,1,0.00,0.49,0.92,1.94,3.84,7.60,14.69,28.21,51.82,71.49,134.75,246.79,441.83,659.61,1015.21,1491.01,2431.81,3520.53,4424.78,5143.82,5518.25,5743.84,5856.23,5913.10,5513.01,5467.83
481952.out,28.77,2827.00,93.58,70.77,-,-,712,11,13,1413,2332,SHM-TCP,2,1*cn453.scarf.rl.ac.uk-1*cn410.scarf.rl.ac.uk,scarf13-scarf13,1,0.00,0.04,0.06,0.14,0.25,0.50,0.99,1.97,3.82,6.89,12.09,19.72,24.31,16.67,31.73,59.28,57.16,66.98,82.90,101.15,104.88,108.89,109.88,110.14,100.51,80.88
481991.out,1.98,50.00,13.59,13.59,-,-,563,7,9,31,2338,SHM-IBV,2,1*cn489.scarf.rl.ac.uk-1*cn534.scarf.rl.ac.uk,scarf15-scarf15,1,0.00,0.48,0.97,1.94,3.68,7.56,14.09,27.99,51.63,73.26,136.03,248.68,447.20,660.57,1018.32,1492.64,2371.29,3504.83,4446.57,5120.06,5506.45,5727.72,5862.26,5910.20,5564.26,5470.07
481986.out,9.42,1326.77,93.68,71.85,-,-,712,11,13,667,2395,SHM-TCP,2,1*cn479.scarf.rl.ac.uk-1*cn509.scarf.rl.ac.uk,scarf15-scarf15,1,0.00,0.10,0.20,0.41,0.81,1.58,3.13,6.23,12.24,23.91,45.75,84.06,126.20,197.20,321.85,459.26,469.03,641.04,815.66,577.39,649.69,740.25,845.46,431.54,239.90,137.29
481937.out,82.31,2747.09,93.30,67.96,-,-,712,11,13,1377,2579,SHM-TCP,2,1*cn381.scarf.rl.ac.uk-1*cn366.scarf.rl.ac.uk,scarf12-scarf12,1,0.00,0.01,0.02,0.04,0.09,0.17,0.34,0.74,1.55,2.58,4.82,8.66,14.78,26.18,38.76,19.92,32.89,54.04,69.06,82.54,94.44,99.82,103.37,104.07,98.80,88.81
481998.out,16.42,1294.96,93.44,68.32,-,-,712,11,13,647,2586,SHM-TCP,2,1*cn209.scarf.rl.ac.uk-1*cn203.scarf.rl.ac.uk,scarf16-scarf16,1,0.00,0.06,0.11,0.22,0.43,0.87,1.75,3.45,6.87,13.55,26.41,50.75,78.90,139.11,219.95,344.76,327.06,500.21,683.84,841.98,925.06,920.18,794.18,514.34,261.95,135.25
481999.out,14.97,1288.90,93.67,72.59,-,-,712,11,13,647,3270,SHM-TCP,2,1*cn203.scarf.rl.ac.uk-1*cn209.scarf.rl.ac.uk,scarf16-scarf16,1,0.00,0.06,0.13,0.26,0.52,1.04,2.07,4.14,8.18,15.55,29.15,56.73,92.91,148.62,244.50,380.81,400.73,531.98,645.12,689.70,726.80,747.92,646.50,422.96,242.38,138.87
481953.out,26.69,2669.75,93.59,69.78,-,-,712,11,13,1340,3558,SHM-TCP,2,1*cn433.scarf.rl.ac.uk-1*cn401.scarf.rl.ac.uk,scarf13-scarf13,1,0.00,0.04,0.07,0.14,0.27,0.52,1.06,2.09,4.02,7.24,12.14,19.10,26.77,16.52,31.89,60.40,57.21,67.03,82.84,101.18,104.73,108.81,109.81,110.70,104.73,88.04
481954.out,48.92,2716.52,93.59,70.15,-,-,712,11,13,1364,3636,SHM-TCP,2,1*cn390.scarf.rl.ac.uk-1*cn450.scarf.rl.ac.uk,scarf13-scarf13,1,0.00,0.02,0.04,0.08,0.16,0.31,0.62,1.25,2.49,4.98,9.21,12.39,18.27,17.75,33.97,63.54,52.32,68.98,83.64,96.53,104.30,107.74,109.71,108.78,100.77,87.05
481957.out,6.77,88.43,13.57,13.57,-,-,563,7,9,45,3712,SHM-IBV,2,1*cn390.scarf.rl.ac.uk-1*cn450.scarf.rl.ac.uk,scarf13-scarf13,1,0.00,0.14,0.28,0.58,1.15,2.20,4.47,8.86,17.54,35.02,64.82,118.39,214.29,334.91,565.20,842.16,726.86,1174.25,1690.72,2157.66,2441.82,2749.91,2891.02,2973.85,3019.48,3053.74
481958.out,6.66,90.28,13.57,13.57,-,-,563,7,9,48,3779,SHM-IBV,2,1*cn390.scarf.rl.ac.uk-1*cn450.scarf.rl.ac.uk,scarf13-scarf13,1,0.00,0.14,0.28,0.57,1.09,2.20,4.48,9.02,17.24,33.47,64.37,117.32,211.82,335.03,562.86,852.47,723.31,1167.80,1664.09,2057.94,2462.40,2718.75,2896.86,2984.84,3017.20,3059.88
481955.out,25.76,2745.00,93.59,70.24,-,-,712,11,13,1373,3811,SHM-TCP,2,1*cn410.scarf.rl.ac.uk-1*cn434.scarf.rl.ac.uk,scarf13-scarf13,1,0.00,0.04,0.07,0.15,0.29,0.57,1.13,2.23,4.29,7.84,13.06,19.69,25.80,16.78,32.90,64.69,57.55,67.36,83.16,101.43,104.87,108.89,109.84,110.47,101.33,85.83
481959.out,6.66,88.19,13.57,5.99,-,-,563,7,9,62,3843,SHM-IBV,2,1*cn390.scarf.rl.ac.uk-1*cn450.scarf.rl.ac.uk,scarf13-scarf13,1,0.00,0.14,0.28,0.55,1.12,2.23,4.56,8.77,17.44,34.05,65.24,118.34,214.94,330.95,569.74,850.20,729.49,1175.95,1678.61,2123.53,2426.56,2751.05,2877.22,3006.84,3020.04,3047.71
481961.out,6.71,86.00,13.58,13.58,-,-,563,7,9,53,3859,SHM-IBV,2,1*cn409.scarf.rl.ac.uk-1*cn437.scarf.rl.ac.uk,scarf13-scarf13,1,0.00,0.14,0.28,0.56,1.13,2.36,4.67,8.92,18.13,35.30,68.38,124.16,221.47,341.10,565.14,845.46,734.45,1188.19,1703.04,2184.27,2519.93,2849.91,2967.81,3072.55,3135.34,3160.38
481960.out,6.33,86.54,13.57,13.57,-,-,563,7,9,56,3859,SHM-IBV,2,1*cn393.scarf.rl.ac.uk-1*cn404.scarf.rl.ac.uk,scarf13-scarf13,1,0.00,0.15,0.30,0.60,1.19,2.38,4.79,9.46,18.83,36.36,70.28,126.47,226.16,347.11,591.52,896.80,753.27,1240.62,1790.16,2217.55,2488.78,2906.09,3047.31,3123.75,3169.89,3191.00
482000.out,16.44,1295.15,93.68,73.19,-,-,712,11,13,653,3929,SHM-TCP,2,1*cn203.scarf.rl.ac.uk-1*cn209.scarf.rl.ac.uk,scarf16-scarf16,1,0.00,0.06,0.11,0.23,0.45,0.88,1.76,4.34,8.84,17.28,32.75,64.88,98.66,154.98,251.06,381.20,372.85,500.25,606.62,687.01,725.42,706.74,819.74,499.57,277.71,131.94
481938.out,87.90,2764.39,93.29,68.52,-,-,712,11,13,1389,3990,SHM-TCP,2,1*cn381.scarf.rl.ac.uk-1*cn366.scarf.rl.ac.uk,scarf12-scarf12,1,0.00,0.01,0.02,0.04,0.09,0.17,0.35,0.70,1.59,2.90,5.52,9.43,15.65,29.13,43.62,30.83,34.50,54.25,75.46,84.36,95.23,103.52,104.75,103.10,97.72,88.29
482001.out,14.57,1254.23,93.43,72.74,-,-,712,11,13,641,4583,SHM-TCP,2,1*cn203.scarf.rl.ac.uk-1*cn209.scarf.rl.ac.uk,scarf16-scarf16,1,0.00,0.06,0.12,0.22,0.44,0.88,1.75,3.47,6.82,14.40,28.70,53.04,78.61,133.22,222.83,348.59,354.97,520.34,688.42,848.61,931.03,945.74,817.46,520.90,273.98,138.91
482002.out,1.41,48.00,13.58,13.58,-,-,563,7,9,27,4627,SHM-IBV,2,1*cn203.scarf.rl.ac.uk-1*cn209.scarf.rl.ac.uk,scarf16-scarf16,1,0.00,0.66,1.33,2.62,5.24,10.24,20.04,38.36,68.04,88.46,160.49,281.31,493.72,724.31,1123.92,1562.97,2713.40,3833.08,4704.31,5291.18,5647.39,5829.07,5517.98,5922.63,5507.97,5484.90
482003.out,1.48,46.94,13.57,13.57,-,-,563,7,9,25,4678,SHM-IBV,2,1*cn209.scarf.rl.ac.uk-1*cn203.scarf.rl.ac.uk,scarf16-scarf16,1,0.00,0.62,1.26,2.48,4.99,9.85,18.74,36.96,66.72,87.02,157.01,277.86,499.65,730.76,1127.91,1561.79,2712.44,3824.85,4701.02,5291.28,5646.91,5830.61,5940.61,5967.37,5525.12,5479.87
482004.out,1.44,46.98,13.57,13.57,-,-,563,7,9,27,4716,SHM-IBV,2,1*cn209.scarf.rl.ac.uk-1*cn203.scarf.rl.ac.uk,scarf16-scarf16,1,0.00,0.64,1.28,2.51,5.06,9.82,18.88,37.02,66.98,87.29,158.25,280.10,498.30,730.97,1134.21,1559.60,2723.80,3838.97,4704.65,5296.05,5649.72,5844.84,5938.63,5964.69,5533.97,5484.42
481907.out,85.39,2831.10,93.19,68.34,-,-,712,11,13,1424,4749,SHM-TCP,2,1*cn059.scarf.rl.ac.uk-1*cn052.scarf.rl.ac.uk,scarf10-scarf10,1,0.00,0.01,0.02,0.04,0.09,0.20,0.41,0.71,1.58,2.96,5.66,8.98,14.49,28.09,41.49,58.34,34.46,53.05,70.69,83.86,97.38,101.26,103.06,100.05,94.78,86.29
482005.out,1.41,50.00,13.57,13.57,-,-,563,7,9,26,4754,SHM-IBV,2,1*cn209.scarf.rl.ac.uk-1*cn203.scarf.rl.ac.uk,scarf16-scarf16,1,0.00,0.66,1.33,2.59,5.24,10.18,19.77,38.23,68.25,88.63,163.00,289.56,503.58,731.04,1130.20,1561.01,2704.80,3832.23,4704.37,5294.43,5649.40,5840.99,5940.09,5963.76,5539.31,5486.69
481909.out,87.28,2878.71,93.63,69.46,-,-,712,11,13,1451,4768,SHM-TCP,2,1*cn076.scarf.rl.ac.uk-1*cn079.scarf.rl.ac.uk,scarf10-scarf10,1,0.00,0.01,0.02,0.05,0.09,0.17,0.36,0.70,1.38,2.67,5.16,9.51,10.91,26.96,40.62,46.99,39.00,53.85,75.34,84.67,94.93,99.66,100.87,98.95,94.29,85.05
481908.out,90.71,2898.72,93.25,68.48,-,-,712,11,13,1453,4773,SHM-TCP,2,1*cn071.scarf.rl.ac.uk-1*cn069.scarf.rl.ac.uk,scarf10-scarf10,1,0.00,0.01,0.02,0.04,0.08,0.19,0.33,0.64,1.29,2.72,4.73,8.47,15.69,27.41,30.04,55.40,38.03,53.91,67.91,81.02,92.10,99.42,101.43,98.91,94.26,82.57
482006.out,1.44,46.90,13.58,13.58,-,-,563,7,9,27,4792,SHM-IBV,2,1*cn209.scarf.rl.ac.uk-1*cn203.scarf.rl.ac.uk,scarf16-scarf16,1,0.00,0.65,1.30,2.53,5.11,9.92,19.29,37.31,66.34,86.06,156.03,278.02,495.27,725.32,1119.91,1563.04,2720.32,3836.72,4704.03,5295.83,5649.40,5836.35,5940.85,5956.38,5531.33,5486.35
481912.out,3.96,208.00,65.01,30.72,-,-,708,11,13,108,4901,SHM-IBV,2,1*cn076.scarf.rl.ac.uk-1*cn071.scarf.rl.ac.uk,scarf10-scarf10,1,0.00,0.24,0.48,0.95,1.89,3.72,7.36,14.41,27.83,37.60,69.47,121.16,194.18,329.82,500.38,668.88,679.75,890.40,1035.70,1125.58,1177.86,1207.80,1223.07,1232.34,1336.77,1232.29
481956.out,48.25,2712.18,93.55,68.45,-,-,712,11,13,1371,4938,SHM-TCP,2,1*cn401.scarf.rl.ac.uk-1*cn433.scarf.rl.ac.uk,scarf13-scarf13,1,0.00,0.02,0.04,0.08,0.19,0.32,0.63,1.19,2.50,4.99,9.22,12.41,18.09,17.74,33.91,64.03,52.03,69.18,83.69,96.50,104.18,107.72,109.70,108.35,102.71,86.60
481913.out,4.00,206.52,65.02,34.15,-,-,708,11,13,110,5015,SHM-IBV,2,1*cn069.scarf.rl.ac.uk-1*cn071.scarf.rl.ac.uk,scarf10-scarf10,1,0.00,0.24,0.47,0.94,1.88,3.69,7.26,14.23,27.23,36.65,68.41,118.61,190.76,326.90,495.51,667.22,680.46,890.55,1033.93,1124.28,1178.68,1207.53,1222.77,1231.86,1336.40,1231.78
481914.out,4.02,207.07,81.14,36.10,-,-,724,11,13,116,5148,SHM-IBV,2,1*cn076.scarf.rl.ac.uk-1*cn069.scarf.rl.ac.uk,scarf10-scarf10,1,0.00,0.23,0.47,0.93,1.86,3.64,7.17,14.14,26.97,35.73,67.19,115.98,187.69,325.13,492.36,666.47,679.44,890.21,1033.13,1122.77,1174.39,1205.64,1218.63,1230.64,1332.24,1230.38
481915.out,4.03,210.41,62.13,21.86,-,-,705,9,11,108,5281,SHM-IBV,2,1*cn071.scarf.rl.ac.uk-1*cn076.scarf.rl.ac.uk,scarf10-scarf10,1,0.00,0.23,0.47,0.93,1.86,3.63,7.20,14.10,26.94,35.91,67.25,116.44,187.99,326.10,492.03,668.52,647.72,888.86,1037.44,1124.29,1176.21,1210.66,1223.60,1236.71,1236.50,1232.37
481939.out,73.02,2688.34,93.52,67.03,-,-,712,11,13,1342,5339,SHM-TCP,2,1*cn381.scarf.rl.ac.uk-1*cn366.scarf.rl.ac.uk,scarf12-scarf12,1,0.00,0.01,0.03,0.05,0.09,0.17,0.34,0.66,1.39,2.58,4.87,8.87,16.63,27.05,44.63,46.66,43.02,53.85,69.96,83.13,95.54,100.33,102.76,102.78,99.22,92.02
481916.out,4.02,206.53,65.02,30.72,-,-,708,11,13,115,5395,SHM-IBV,2,1*cn069.scarf.rl.ac.uk-1*cn071.scarf.rl.ac.uk,scarf10-scarf10,1,0.00,0.24,0.47,0.94,1.87,3.67,7.22,14.21,27.38,36.57,67.84,118.22,190.77,327.18,496.32,668.86,680.01,890.52,1034.68,1123.99,1177.13,1207.56,1222.81,1231.80,1336.11,1232.15
481910.out,90.10,2868.56,93.42,68.22,-,-,712,11,13,1434,6193,SHM-TCP,2,1*cn057.scarf.rl.ac.uk-1*cn059.scarf.rl.ac.uk,scarf10-scarf10,1,0.00,0.01,0.02,0.04,0.08,0.17,0.33,0.65,1.25,2.50,5.19,8.89,15.75,28.16,42.07,49.40,30.78,54.12,73.35,84.00,94.49,99.38,101.42,97.97,95.45,84.25
481911.out,88.93,2853.37,93.20,68.18,-,-,712,11,13,1435,6214,SHM-TCP,2,1*cn052.scarf.rl.ac.uk-1*cn079.scarf.rl.ac.uk,scarf10-scarf10,1,0.00,0.01,0.02,0.04,0.09,0.16,0.37,0.66,1.28,2.55,5.48,9.52,7.69,26.21,46.74,54.33,33.92,54.11,69.87,81.01,93.17,98.50,101.24,99.73,96.78,83.80
481940.out,89.40,2735.00,93.57,67.77,-,-,712,11,13,1380,6725,SHM-TCP,2,1*cn366.scarf.rl.ac.uk-1*cn381.scarf.rl.ac.uk,scarf12-scarf12,1,0.00,0.01,0.02,0.04,0.08,0.21,0.38,0.67,1.34,2.59,4.87,8.94,16.59,31.07,45.99,39.22,37.36,55.26,71.04,84.32,95.31,101.01,102.60,101.43,97.68,91.37
481941.out,72.81,2747.00,93.78,68.74,-,-,712,11,13,1373,8115,SHM-TCP,2,1*cn381.scarf.rl.ac.uk-1*cn366.scarf.rl.ac.uk,scarf12-scarf12,1,0.00,0.01,0.02,0.04,0.09,0.17,0.34,0.68,1.33,2.60,5.01,10.69,17.38,30.68,45.86,57.64,44.89,55.57,70.35,83.96,96.07,100.30,103.69,102.74,98.53,89.13
481942.out,1.68,84.57,13.58,13.58,-,-,563,7,9,45,8192,SHM-IBV,2,1*cn381.scarf.rl.ac.uk-1*cn366.scarf.rl.ac.uk,scarf12-scarf12,1,0.00,0.57,1.15,2.30,4.57,8.80,17.09,33.30,61.05,76.85,142.25,236.89,384.55,635.42,937.09,1275.88,1748.40,2269.06,2666.10,2916.03,3057.93,3156.25,3187.71,3194.70,3047.63,3038.80
481947.out,0.11,65.00,13.45,13.45,-,-,563,7,9,41,8240,SHM,1,2*cn366.scarf.rl.ac.uk,scarf12,1,0.00,8.47,16.23,33.90,66.60,133.33,263.10,372.36,622.87,1255.67,2127.79,2762.90,2961.68,3963.71,4594.18,4822.55,3928.07,4728.04,5335.83,5366.13,5586.94,5736.27,5773.70,5708.97,3699.94,3594.86
481948.out,0.11,65.00,13.46,13.46,-,-,563,7,9,36,8259,SHM,1,2*cn381.scarf.rl.ac.uk,scarf12,1,0.00,7.98,15.08,31.68,61.54,124.51,247.10,372.36,615.02,1214.71,2086.60,2742.55,2909.09,3961.79,4600.95,4927.33,3915.58,4830.72,5357.34,5442.78,5667.29,5786.25,5771.87,5776.44,3656.10,3594.59
481943.out,1.66,84.79,13.57,13.57,-,-,563,7,9,49,8326,SHM-IBV,2,1*cn366.scarf.rl.ac.uk-1*cn381.scarf.rl.ac.uk,scarf12-scarf12,1,0.00,0.58,1.15,2.32,4.63,9.05,17.46,34.22,63.44,79.63,149.25,242.20,398.55,640.00,950.72,1280.38,1757.50,2271.82,2670.74,2920.82,3068.78,3139.03,3193.10,3182.33,3036.77,3035.32
481949.out,0.11,65.00,13.46,13.46,-,-,563,7,9,46,8374,SHM,1,2*cn366.scarf.rl.ac.uk,scarf12,1,0.00,8.32,16.65,33.61,67.23,132.09,266.39,369.94,634.06,1258.76,2145.63,2750.84,2908.57,3975.73,4731.84,4958.84,6733.38,8258.45,9143.10,9131.75,9191.95,5708.59,5787.07,5649.86,3606.10,3551.72
481950.out,0.12,65.00,13.46,13.46,-,-,563,7,9,36,8392,SHM,1,2*cn381.scarf.rl.ac.uk,scarf12,1,0.00,7.63,14.97,30.62,60.32,124.03,243.11,342.93,589.86,1217.60,2038.83,2705.42,2820.45,3875.12,4527.84,4864.61,6560.32,4853.98,5407.18,5465.99,5661.17,5779.90,5864.08,5700.91,3717.02,3489.06
481944.out,1.73,84.76,13.57,13.57,-,-,563,7,9,47,8459,SHM-IBV,2,1*cn366.scarf.rl.ac.uk-1*cn381.scarf.rl.ac.uk,scarf12-scarf12,1,0.00,0.56,1.12,2.24,4.46,8.53,16.57,32.41,59.39,73.39,135.92,229.16,373.41,627.81,922.81,1271.05,1735.01,2249.70,2655.19,2911.21,3063.38,3136.44,3193.25,3187.68,3040.57,3038.44
481951.out,0.10,65.00,13.46,13.46,-,-,563,7,9,47,8506,SHM,1,2*cn381.scarf.rl.ac.uk,scarf12,1,0.00,8.29,16.03,33.61,65.78,134.45,259.63,369.68,638.80,1110.03,1957.00,2762.90,2832.64,3805.37,4624.00,4882.18,6251.94,4669.55,5286.76,5315.25,5548.34,5664.92,5832.81,5706.08,3694.39,3585.30
481945.out,1.69,85.01,13.57,13.57,-,-,563,7,9,56,8592,SHM-IBV,2,1*cn366.scarf.rl.ac.uk-1*cn381.scarf.rl.ac.uk,scarf12-scarf12,1,0.00,0.56,1.13,2.28,4.48,8.78,17.09,33.27,61.35,76.69,142.48,236.17,385.76,633.87,937.82,1275.40,1747.72,2261.29,2661.95,2915.51,3066.16,3137.70,3193.86,3187.93,3040.67,3038.50
481946.out,1.73,84.76,13.56,13.56,-,-,563,7,9,44,8668,SHM-IBV,2,1*cn366.scarf.rl.ac.uk-1*cn381.scarf.rl.ac.uk,scarf12-scarf12,1,0.00,0.56,1.13,2.25,4.50,8.53,16.77,32.56,59.13,73.43,136.01,230.08,373.62,627.81,923.02,1271.68,1736.16,2247.92,2654.94,2911.92,3064.13,3136.59,3193.20,3186.95,3037.85,3037.80
481932.out,0.11,66.55,13.46,13.46,-,-,563,7,9,36,9978,SHM,1,2*cn356.scarf.rl.ac.uk,scarf11,1,0.00,7.88,15.31,31.53,62.08,126.11,247.10,369.94,612.07,1208.97,2064.52,2405.87,2714.38,3681.38,4325.81,4508.07,6191.11,4751.01,5261.48,5380.51,5512.86,5710.01,5773.91,5575.78,3588.19,3505.09
481933.out,0.11,66.23,13.45,13.45,-,-,563,7,9,39,10048,SHM,1,2*cn356.scarf.rl.ac.uk,scarf11,1,0.00,7.91,15.21,31.53,53.74,126.61,250.24,310.68,610.25,1199.06,2064.52,2552.82,2604.36,3585.51,4365.57,4507.45,6200.92,4680.22,5195.68,5276.37,5501.82,5597.32,5665.16,5625.56,3608.47,3509.83
481934.out,0.10,65.47,13.46,13.46,-,-,563,7,9,36,10105,SHM,1,2*cn356.scarf.rl.ac.uk,scarf11,1,0.00,7.84,12.64,31.90,63.05,127.24,244.98,353.84,612.07,1205.41,2078.13,2422.95,2726.12,3625.18,4334.10,4557.44,6195.50,7666.82,5194.80,5314.40,5532.32,5643.76,5725.48,5553.46,3663.39,3565.95
481935.out,0.12,66.00,13.46,13.46,-,-,563,7,9,37,10162,SHM,1,2*cn356.scarf.rl.ac.uk,scarf11,1,0.00,7.75,15.38,31.25,62.50,123.55,244.98,349.97,602.71,1137.78,1984.50,2546.47,2597.34,3526.85,4265.56,4532.85,6277.70,7879.53,6469.50,5390.19,5542.07,5686.18,5732.83,5693.36,3649.20,3555.38
481936.out,0.12,65.45,13.47,13.47,-,-,563,7,9,35,10217,SHM,1,2*cn356.scarf.rl.ac.uk,scarf11,1,0.00,7.85,15.38,31.37,62.50,125.00,246.15,307.51,625.92,1173.64,2064.52,2529.96,2649.85,3697.59,4315.27,4542.75,6388.77,4728.94,5258.29,5320.17,5607.17,5698.85,5711.38,5627.40,3657.55,3559.68
481972.out,1.81,74.85,13.56,13.56,-,-,563,7,9,45,26152,SHM-IBV,2,1*cn294.scarf.rl.ac.uk-1*cn309.scarf.rl.ac.uk,scarf14-scarf14,1,0.00,0.51,1.00,2.01,4.01,8.36,14.95,28.75,57.31,68.76,119.84,184.29,348.31,540.21,882.77,1241.91,1969.07,2588.31,3017.72,3300.44,3455.57,3543.11,3587.16,3606.10,3468.27,3449.32
481973.out,1.70,76.00,13.57,13.57,-,-,563,7,9,53,26173,SHM-IBV,2,1*cn263.scarf.rl.ac.uk-1*cn279.scarf.rl.ac.uk,scarf14-scarf14,1,0.00,0.55,1.09,2.17,4.65,7.62,14.94,28.66,51.77,69.85,121.03,168.60,294.08,468.57,855.84,1227.17,1977.34,2590.68,3022.90,3298.37,3455.26,3550.41,3592.41,3597.13,3462.26,3450.96
481974.out,1.43,75.10,13.58,13.58,-,-,563,7,9,50,26174,SHM-IBV,2,1*cn303.scarf.rl.ac.uk-1*cn304.scarf.rl.ac.uk,scarf14-scarf14,1,0.00,0.66,1.34,2.66,5.33,11.01,19.88,38.46,68.99,87.57,159.13,255.27,441.63,583.81,957.29,1295.17,1976.10,2589.28,3011.62,3294.61,3457.53,3541.63,3595.42,3606.68,3463.47,3448.05
481975.out,2.40,76.00,13.58,13.58,-,-,563,7,9,44,26218,SHM-IBV,2,1*cn289.scarf.rl.ac.uk-1*cn294.scarf.rl.ac.uk,scarf14-scarf14,1,0.00,0.40,0.79,1.61,3.44,6.52,12.56,22.33,48.18,56.54,95.09,142.02,286.70,493.78,814.10,1181.69,1970.68,2587.40,3024.14,3293.15,3451.98,3534.77,3590.23,3607.66,3461.67,3449.14
481976.out,1.98,76.21,13.57,13.57,-,-,563,7,9,42,26223,SHM-IBV,2,1*cn309.scarf.rl.ac.uk-1*cn279.scarf.rl.ac.uk,scarf14-scarf14,1,0.00,0.46,0.95,1.90,3.78,7.14,13.76,26.78,53.80,66.64,115.66,176.48,340.92,523.00,864.02,1214.11,1919.30,2519.65,2954.28,3225.87,3400.45,3486.87,3534.79,3535.44,3420.54,3412.55
481970.out,25.89,2319.32,93.36,65.21,-,-,712,11,13,1162,27279,SHM-TCP,2,1*cn298.scarf.rl.ac.uk-1*cn265.scarf.rl.ac.uk,scarf14-scarf14,1,0.00,0.04,0.07,0.15,0.28,0.57,1.09,2.14,4.10,7.57,13.04,17.78,26.70,17.12,32.81,61.73,57.65,67.30,83.14,101.41,104.90,108.90,109.86,110.94,111.77,111.95
481967.out,25.83,2318.91,93.60,65.09,-,-,712,11,13,1171,27280,SHM-TCP,2,1*cn267.scarf.rl.ac.uk-1*cn296.scarf.rl.ac.uk,scarf14-scarf14,1,0.00,0.04,0.07,0.15,0.28,0.56,1.09,2.13,4.09,7.56,12.99,18.90,23.41,16.74,33.46,63.11,57.69,67.43,83.21,100.95,104.89,108.91,109.93,110.98,111.73,111.97
481969.out,26.10,2320.05,93.58,65.38,-,-,712,11,13,1174,27280,SHM-TCP,2,1*cn305.scarf.rl.ac.uk-1*cn261.scarf.rl.ac.uk,scarf14-scarf14,1,0.00,0.04,0.07,0.14,0.28,0.56,1.08,2.12,4.05,6.32,12.80,17.51,26.62,17.12,33.26,63.51,57.70,67.45,83.24,100.93,104.93,108.94,109.91,110.99,111.73,111.95
481971.out,43.02,2334.17,93.59,65.07,-,-,712,11,13,1175,27296,SHM-TCP,2,1*cn258.scarf.rl.ac.uk-1*cn301.scarf.rl.ac.uk,scarf14-scarf14,1,0.00,0.02,0.04,0.09,0.16,0.31,0.62,1.25,2.49,4.98,9.21,14.22,18.78,20.83,34.44,65.44,52.63,67.68,84.39,97.71,103.73,107.94,109.68,110.58,111.14,111.26
481968.out,42.53,2334.75,93.57,65.38,-,-,712,11,13,1170,27296,SHM-TCP,2,1*cn287.scarf.rl.ac.uk-1*cn277.scarf.rl.ac.uk,scarf14-scarf14,1,0.00,0.02,0.04,0.08,0.16,0.31,0.62,1.25,2.49,4.98,9.21,11.64,18.76,19.12,34.33,62.57,53.10,68.10,84.37,97.34,103.93,107.73,109.68,110.63,111.09,111.31
481922.out,84.17,2801.71,93.32,69.35,-,-,712,11,13,1413,60554,SHM-TCP,2,1*cn357.scarf.rl.ac.uk-1*cn342.scarf.rl.ac.uk,scarf11-scarf11,1,0.00,0.01,0.02,0.05,0.09,0.18,0.35,0.72,1.61,3.85,7.01,10.01,18.13,28.94,45.73,55.70,49.23,54.41,74.01,86.16,96.21,99.51,102.43,101.37,96.98,86.98
481923.out,82.42,2775.00,93.47,67.07,-,-,712,11,13,1396,61952,SHM-TCP,2,1*cn357.scarf.rl.ac.uk-1*cn350.scarf.rl.ac.uk,scarf11-scarf11,1,0.00,0.01,0.02,0.05,0.09,0.18,0.36,0.73,1.40,2.72,5.26,10.68,18.40,29.51,46.57,56.02,51.51,52.86,71.96,81.93,94.63,102.68,104.23,102.18,98.24,87.28
481924.out,84.39,2783.78,93.32,69.44,-,-,712,11,13,1397,63379,SHM-TCP,2,1*cn350.scarf.rl.ac.uk-1*cn357.scarf.rl.ac.uk,scarf11-scarf11,1,0.00,0.01,0.02,0.05,0.11,0.21,0.43,0.75,1.38,2.84,5.17,9.07,17.21,27.84,46.12,56.89,49.67,52.81,73.78,83.22,95.00,100.13,101.97,101.32,97.19,87.99
481925.out,83.96,2768.52,93.55,67.79,-,-,712,11,13,1397,64780,SHM-TCP,2,1*cn357.scarf.rl.ac.uk-1*cn350.scarf.rl.ac.uk,scarf11-scarf11,1,0.00,0.01,0.02,0.05,0.09,0.18,0.36,0.74,1.41,2.72,5.18,9.22,18.36,29.27,46.54,57.40,51.29,54.17,73.87,86.37,97.32,104.92,104.34,101.72,96.41,88.66
481926.out,70.21,2775.82,93.52,68.52,-,-,712,11,13,1401,66181,SHM-TCP,2,1*cn350.scarf.rl.ac.uk-1*cn357.scarf.rl.ac.uk,scarf11-scarf11,1,0.00,0.01,0.02,0.05,0.09,0.18,0.38,0.70,1.42,2.81,5.16,11.99,18.39,28.99,45.11,54.59,49.51,56.21,76.27,83.81,95.49,100.49,102.59,101.19,97.04,88.50
481927.out,1.94,84.83,13.58,13.58,-,-,563,7,9,53,66242,SHM-IBV,2,1*cn357.scarf.rl.ac.uk-1*cn350.scarf.rl.ac.uk,scarf11-scarf11,1,0.00,0.49,0.98,1.92,3.91,7.59,14.78,28.91,53.35,67.91,126.65,214.63,354.92,599.82,891.19,1236.78,1682.55,2212.58,2621.56,2892.55,3055.40,3162.97,3180.75,3218.68,3040.39,3037.25
481928.out,1.98,84.78,13.58,13.58,-,-,563,7,9,43,66305,SHM-IBV,2,1*cn357.scarf.rl.ac.uk-1*cn350.scarf.rl.ac.uk,scarf11-scarf11,1,0.00,0.49,0.99,1.98,3.93,7.59,14.81,28.89,53.79,67.90,126.53,215.32,354.56,599.03,893.26,1234.30,1681.28,2213.72,2617.50,2888.85,3054.60,3162.48,3180.16,3218.23,3040.23,3037.19
481929.out,1.91,85.07,13.57,13.57,-,-,563,7,9,47,66370,SHM-IBV,2,1*cn357.scarf.rl.ac.uk-1*cn350.scarf.rl.ac.uk,scarf11-scarf11,1,0.00,0.50,1.00,1.98,3.93,7.72,15.19,29.61,54.99,70.61,131.47,221.29,364.96,605.34,905.07,1239.83,1669.56,2205.33,2614.00,2887.65,3052.05,3145.65,3180.25,3218.59,3040.21,3037.22
481930.out,1.89,84.89,13.58,13.58,-,-,563,7,9,58,66452,SHM-IBV,2,1*cn357.scarf.rl.ac.uk-1*cn350.scarf.rl.ac.uk,scarf11-scarf11,1,0.00,0.50,1.00,1.99,3.98,7.61,15.04,29.51,55.05,70.40,131.56,219.45,363.98,604.07,903.43,1239.44,1671.57,2204.20,2613.40,2886.47,3051.60,3161.13,3179.71,3218.26,3040.15,3037.12
481931.out,1.91,85.05,13.58,13.58,-,-,563,7,9,59,66514,SHM-IBV,2,1*cn357.scarf.rl.ac.uk-1*cn350.scarf.rl.ac.uk,scarf11-scarf11,1,0.00,0.50,1.00,2.00,3.98,7.81,15.21,29.80,55.93,72.76,136.37,224.73,373.70,609.16,914.22,1243.18,1660.12,2195.57,2608.30,2883.25,3052.02,3155.76,3179.42,3218.17,3040.05,3037.16
